"id","title","alt","caption","url","category","filename","width","height","filesize","mime"
"1061","IMG_5413","","","https://aboveboardcarpentry.com/wp-content/uploads/2021/06/IMG_5413.jpg","portfolio","IMG_5413.jpg","1440","1920",,"image/jpeg"
"1059","IMG_5406-1","","","https://aboveboardcarpentry.com/wp-content/uploads/2021/06/IMG_5406-1.jpg","portfolio","IMG_5406-1.jpg","720","960",,"image/jpeg"
"1046","IMG_6210-1","","","https://aboveboardcarpentry.com/wp-content/uploads/2021/06/IMG_6210-1-scaled.jpg","portfolio","IMG_6210-1-scaled.jpg","2560","1440",,"image/jpeg"
"1045","IMG_6209-1","","","https://aboveboardcarpentry.com/wp-content/uploads/2021/06/IMG_6209-1-scaled.jpg","portfolio","IMG_6209-1-scaled.jpg","2560","1440",,"image/jpeg"
"1044","IMG_6208","","","https://aboveboardcarpentry.com/wp-content/uploads/2021/06/IMG_6208-scaled.jpg","portfolio","IMG_6208-scaled.jpg","2560","1440",,"image/jpeg"
"1043","IMG_6181","","","https://aboveboardcarpentry.com/wp-content/uploads/2021/06/IMG_6181.jpg","portfolio","IMG_6181.jpg","2016","1134",,"image/jpeg"
"1042","IMG_6113","","","https://aboveboardcarpentry.com/wp-content/uploads/2021/06/IMG_6113.jpg","portfolio","IMG_6113.jpg","504","284",,"image/jpeg"
"1041","IMG_6112-1","","","https://aboveboardcarpentry.com/wp-content/uploads/2021/06/IMG_6112-1.jpg","portfolio","IMG_6112-1.jpg","504","284",,"image/jpeg"
"1040","IMG_6079","","","https://aboveboardcarpentry.com/wp-content/uploads/2021/06/IMG_6079-scaled.jpg","portfolio","IMG_6079-scaled.jpg","2560","1440",,"image/jpeg"
"1039","20191015_162343","","","https://aboveboardcarpentry.com/wp-content/uploads/2021/06/20191015_162343-scaled.jpg","general","20191015_162343-scaled.jpg","2560","1440",,"image/jpeg"
"1038","20191008_121157","","","https://aboveboardcarpentry.com/wp-content/uploads/2021/06/20191008_121157-scaled.jpg","general","20191008_121157-scaled.jpg","2560","1440",,"image/jpeg"
"1029","20190614_152214-2","","","https://aboveboardcarpentry.com/wp-content/uploads/2021/06/20190614_152214-2-scaled.jpg","general","20190614_152214-2-scaled.jpg","2560","1607",,"image/jpeg"
"1026","20190411_145220","","","https://aboveboardcarpentry.com/wp-content/uploads/2021/06/20190411_145220-scaled.jpg","general","20190411_145220-scaled.jpg","2560","1920",,"image/jpeg"
"1025","20190411_150511","","","https://aboveboardcarpentry.com/wp-content/uploads/2021/06/20190411_150511-scaled.jpg","general","20190411_150511-scaled.jpg","2560","1920",,"image/jpeg"
"1024","20190320_113718","","","https://aboveboardcarpentry.com/wp-content/uploads/2021/06/20190320_113718-scaled.jpg","general","20190320_113718-scaled.jpg","2560","1920",,"image/jpeg"
"1023","20190319_140412","","","https://aboveboardcarpentry.com/wp-content/uploads/2021/06/20190319_140412-scaled.jpg","general","20190319_140412-scaled.jpg","2560","1920",,"image/jpeg"
"1022","20190318_071642","","","https://aboveboardcarpentry.com/wp-content/uploads/2021/06/20190318_071642-scaled.jpg","general","20190318_071642-scaled.jpg","2560","1920",,"image/jpeg"
"1021","20190318_071655","","","https://aboveboardcarpentry.com/wp-content/uploads/2021/06/20190318_071655-scaled.jpg","general","20190318_071655-scaled.jpg","1920","2560",,"image/jpeg"
"1020","20190318_071523","","","https://aboveboardcarpentry.com/wp-content/uploads/2021/06/20190318_071523-scaled.jpg","general","20190318_071523-scaled.jpg","2560","1920",,"image/jpeg"
"1019","20190222_164806","","","https://aboveboardcarpentry.com/wp-content/uploads/2021/06/20190222_164806-scaled.jpg","general","20190222_164806-scaled.jpg","2560","1920",,"image/jpeg"
"1018","20181221_113753","","","https://aboveboardcarpentry.com/wp-content/uploads/2021/06/20181221_113753-scaled.jpg","general","20181221_113753-scaled.jpg","2560","1440",,"image/jpeg"
"1017","20181214_131349","","","https://aboveboardcarpentry.com/wp-content/uploads/2021/06/20181214_131349-scaled.jpg","general","20181214_131349-scaled.jpg","1440","2560",,"image/jpeg"
"1016","1991_1541458311915","","","https://aboveboardcarpentry.com/wp-content/uploads/2021/06/1991_1541458311915.jpg","general","1991_1541458311915.jpg","1280","960",,"image/jpeg"
"1015","20190614_152214","","","https://aboveboardcarpentry.com/wp-content/uploads/2021/06/20190614_152214-scaled.jpg","general","20190614_152214-scaled.jpg","1920","2560",,"image/jpeg"
"1014","20190510_140020","","","https://aboveboardcarpentry.com/wp-content/uploads/2021/06/20190510_140020-scaled.jpg","general","20190510_140020-scaled.jpg","2560","1920",,"image/jpeg"
"1013","20190507_174112","","","https://aboveboardcarpentry.com/wp-content/uploads/2021/06/20190507_174112-scaled.jpg","general","20190507_174112-scaled.jpg","2560","1920",,"image/jpeg"
"1012","20190411_150435","","","https://aboveboardcarpentry.com/wp-content/uploads/2021/06/20190411_150435-scaled.jpg","general","20190411_150435-scaled.jpg","2560","1920",,"image/jpeg"
"1008","20190614_180633-4","","","https://aboveboardcarpentry.com/wp-content/uploads/2021/06/20190614_180633-4-scaled.jpg","general","20190614_180633-4-scaled.jpg","2560","1459",,"image/jpeg"
"1005","20190614_153252-5","","","https://aboveboardcarpentry.com/wp-content/uploads/2021/06/20190614_153252-5-scaled.jpg","general","20190614_153252-5-scaled.jpg","2560","1447",,"image/jpeg"
"1004","IMG_6210","","","https://aboveboardcarpentry.com/wp-content/uploads/2021/06/IMG_6210-scaled.jpg","portfolio","IMG_6210-scaled.jpg","2560","1440",,"image/jpeg"
"987","CE","","","https://aboveboardcarpentry.com/wp-content/uploads/2021/06/CE-scaled.jpg","general","CE-scaled.jpg","2560","1617",,"image/jpeg"
"978","20190614_180654","","","https://aboveboardcarpentry.com/wp-content/uploads/2021/06/20190614_180654-scaled.jpg","general","20190614_180654-scaled.jpg","2560","1920",,"image/jpeg"
"977","IMG_6209","","","https://aboveboardcarpentry.com/wp-content/uploads/2021/06/IMG_6209-scaled.jpg","portfolio","IMG_6209-scaled.jpg","2560","1440",,"image/jpeg"
"975","IMG_5158","","","https://aboveboardcarpentry.com/wp-content/uploads/2021/06/IMG_5158-scaled.jpg","portfolio","IMG_5158-scaled.jpg","2560","1920",,"image/jpeg"
"974","IMG_5105","","","https://aboveboardcarpentry.com/wp-content/uploads/2021/06/IMG_5105-scaled.jpg","portfolio","IMG_5105-scaled.jpg","1920","2560",,"image/jpeg"
"962","IMG_0350","","","https://aboveboardcarpentry.com/wp-content/uploads/2021/06/IMG_0350-scaled.jpg","portfolio","IMG_0350-scaled.jpg","2560","1920",,"image/jpeg"
"961","IMG_0337","","","https://aboveboardcarpentry.com/wp-content/uploads/2021/06/IMG_0337-scaled.jpg","portfolio","IMG_0337-scaled.jpg","2560","1920",,"image/jpeg"
"960","IMG_0288","","","https://aboveboardcarpentry.com/wp-content/uploads/2021/06/IMG_0288-scaled.jpg","portfolio","IMG_0288-scaled.jpg","2560","1920",,"image/jpeg"
"959","IMG_9993","","","https://aboveboardcarpentry.com/wp-content/uploads/2021/06/IMG_9993-1-scaled.jpg","portfolio","IMG_9993-1-scaled.jpg","1920","2560",,"image/jpeg"
"958","IMG_9992","","","https://aboveboardcarpentry.com/wp-content/uploads/2021/06/IMG_9992-1-scaled.jpg","portfolio","IMG_9992-1-scaled.jpg","2560","1920",,"image/jpeg"
"957","IMG_9931","","","https://aboveboardcarpentry.com/wp-content/uploads/2021/06/IMG_9931-scaled.jpg","portfolio","IMG_9931-scaled.jpg","2560","1920",,"image/jpeg"
"956","IMG_9930","","","https://aboveboardcarpentry.com/wp-content/uploads/2021/06/IMG_9930-scaled.jpg","portfolio","IMG_9930-scaled.jpg","2560","1920",,"image/jpeg"
"955","IMG_9688","","","https://aboveboardcarpentry.com/wp-content/uploads/2021/06/IMG_9688-scaled.jpg","portfolio","IMG_9688-scaled.jpg","2560","1921",,"image/jpeg"
"954","IMG_0355","","","https://aboveboardcarpentry.com/wp-content/uploads/2021/06/IMG_0355-scaled.jpg","portfolio","IMG_0355-scaled.jpg","2560","1920",,"image/jpeg"
"951","IMG_9992","","","https://aboveboardcarpentry.com/wp-content/uploads/2021/06/IMG_9992-scaled.jpg","portfolio","IMG_9992-scaled.jpg","2560","1920",,"image/jpeg"
"950","IMG_9993","","","https://aboveboardcarpentry.com/wp-content/uploads/2021/06/IMG_9993-scaled.jpg","portfolio","IMG_9993-scaled.jpg","1920","2560",,"image/jpeg"
"944","IMG_6136","","","https://aboveboardcarpentry.com/wp-content/uploads/2021/06/IMG_6136.jpg","portfolio","IMG_6136.jpg","720","960",,"image/jpeg"
"943","IMG_6135","","","https://aboveboardcarpentry.com/wp-content/uploads/2021/06/IMG_6135.jpg","portfolio","IMG_6135.jpg","720","960",,"image/jpeg"
"942","IMG_6134","","","https://aboveboardcarpentry.com/wp-content/uploads/2021/06/IMG_6134.jpg","portfolio","IMG_6134.jpg","960","720",,"image/jpeg"
"941","IMG_6112","","","https://aboveboardcarpentry.com/wp-content/uploads/2021/06/IMG_6112.jpg","portfolio","IMG_6112.jpg","720","960",,"image/jpeg"
"940","IMG_6111","","","https://aboveboardcarpentry.com/wp-content/uploads/2021/06/IMG_6111.jpg","portfolio","IMG_6111.jpg","720","960",,"image/jpeg"
"939","IMG_9689","","","https://aboveboardcarpentry.com/wp-content/uploads/2021/06/IMG_9689-scaled.jpg","portfolio","IMG_9689-scaled.jpg","2560","1921",,"image/jpeg"
"938","IMG_9588","","","https://aboveboardcarpentry.com/wp-content/uploads/2021/06/IMG_9588-scaled.jpg","portfolio","IMG_9588-scaled.jpg","2560","1920",,"image/jpeg"
"926","IMG_6152","","","https://aboveboardcarpentry.com/wp-content/uploads/2021/06/IMG_6152.jpg","portfolio","IMG_6152.jpg","1193","439",,"image/jpeg"
"925","IMG_6032","","","https://aboveboardcarpentry.com/wp-content/uploads/2021/06/IMG_6032.jpg","portfolio","IMG_6032.jpg","720","960",,"image/jpeg"
"924","IMG_6028 cope","","","https://aboveboardcarpentry.com/wp-content/uploads/2021/06/IMG_6028-cope.jpg","portfolio","IMG_6028-cope.jpg","770","715",,"image/jpeg"
"923","IMG_5467","","","https://aboveboardcarpentry.com/wp-content/uploads/2021/06/IMG_5467-1.jpg","portfolio","IMG_5467-1.jpg","1060","494",,"image/jpeg"
"922","IMG_9468","","","https://aboveboardcarpentry.com/wp-content/uploads/2021/06/IMG_9468-scaled.jpg","portfolio","IMG_9468-scaled.jpg","2560","1920",,"image/jpeg"
"921","IMG_0183","","","https://aboveboardcarpentry.com/wp-content/uploads/2021/06/IMG_0183-scaled.jpg","portfolio","IMG_0183-scaled.jpg","2560","1920",,"image/jpeg"
"920","IMG_0161","","","https://aboveboardcarpentry.com/wp-content/uploads/2021/06/IMG_0161-scaled.jpg","portfolio","IMG_0161-scaled.jpg","2560","1920",,"image/jpeg"
"919","IMG_0250","","","https://aboveboardcarpentry.com/wp-content/uploads/2021/06/IMG_0250-scaled.jpg","portfolio","IMG_0250-scaled.jpg","2560","1920",,"image/jpeg"
"918","IMG_9603","","","https://aboveboardcarpentry.com/wp-content/uploads/2021/06/IMG_9603-1-scaled.jpg","portfolio","IMG_9603-1-scaled.jpg","2560","1920",,"image/jpeg"
"917","IMG_9593","","","https://aboveboardcarpentry.com/wp-content/uploads/2021/06/IMG_9593-1-scaled.jpg","portfolio","IMG_9593-1-scaled.jpg","2560","1920",,"image/jpeg"
"916","IMG_9584","","","https://aboveboardcarpentry.com/wp-content/uploads/2021/06/IMG_9584-1-scaled.jpg","portfolio","IMG_9584-1-scaled.jpg","2560","1920",,"image/jpeg"
"915","IMG_9577","","","https://aboveboardcarpentry.com/wp-content/uploads/2021/06/IMG_9577-1-scaled.jpg","portfolio","IMG_9577-1-scaled.jpg","2560","1920",,"image/jpeg"
"914","IMG_0123","","","https://aboveboardcarpentry.com/wp-content/uploads/2021/06/IMG_0123-scaled.jpg","portfolio","IMG_0123-scaled.jpg","2560","1920",,"image/jpeg"
"913","IMG_9603","","","https://aboveboardcarpentry.com/wp-content/uploads/2021/06/IMG_9603-scaled.jpg","portfolio","IMG_9603-scaled.jpg","2560","1920",,"image/jpeg"
"909","IMG_9353","","","https://aboveboardcarpentry.com/wp-content/uploads/2021/06/IMG_9353-1-scaled.jpg","portfolio","IMG_9353-1-scaled.jpg","2560","1920",,"image/jpeg"
"906","IMG_9409","","","https://aboveboardcarpentry.com/wp-content/uploads/2021/06/IMG_9409-scaled.jpg","portfolio","IMG_9409-scaled.jpg","2560","1920",,"image/jpeg"
"904","IMG_0038","","","https://aboveboardcarpentry.com/wp-content/uploads/2021/06/IMG_0038-scaled.jpg","portfolio","IMG_0038-scaled.jpg","1920","2560",,"image/jpeg"
"903","IMG_0013","","","https://aboveboardcarpentry.com/wp-content/uploads/2021/06/IMG_0013-scaled.jpg","portfolio","IMG_0013-scaled.jpg","2560","1920",,"image/jpeg"
"902","IMG_0007","","","https://aboveboardcarpentry.com/wp-content/uploads/2021/06/IMG_0007-scaled.jpg","portfolio","IMG_0007-scaled.jpg","2560","1920",,"image/jpeg"
"886","Pad finished and second beam in place","","","https://aboveboardcarpentry.com/wp-content/uploads/2021/06/Pad-finished-and-second-beam-in-place-scaled.jpg","general","Pad-finished-and-second-beam-in-place-scaled.jpg","2560","1338",,"image/jpeg"
"885","ICF poured","","","https://aboveboardcarpentry.com/wp-content/uploads/2021/06/ICF-poured-scaled.jpg","general","ICF-poured-scaled.jpg","2560","1155",,"image/jpeg"
"884","ICF and wire mesh","","","https://aboveboardcarpentry.com/wp-content/uploads/2021/06/ICF-and-wire-mesh-scaled.jpg","general","ICF-and-wire-mesh-scaled.jpg","2560","1039",,"image/jpeg"
"877","Floor joists going in","","","https://aboveboardcarpentry.com/wp-content/uploads/2021/06/Floor-joists-going-in-scaled.jpg","general","Floor-joists-going-in-scaled.jpg","2560","1920",,"image/jpeg"
"876","Floor joists almost finished","","","https://aboveboardcarpentry.com/wp-content/uploads/2021/06/Floor-joists-almost-finished-scaled.jpg","general","Floor-joists-almost-finished-scaled.jpg","2560","1774",,"image/jpeg"
"874","Basement pad","","","https://aboveboardcarpentry.com/wp-content/uploads/2021/06/Basement-pad-scaled.jpg","general","Basement-pad-scaled.jpg","2560","1920",,"image/jpeg"
"873","Basement pad with burlap","","","https://aboveboardcarpentry.com/wp-content/uploads/2021/06/Basement-pad-with-burlap-scaled.jpg","general","Basement-pad-with-burlap-scaled.jpg","2560","1016",,"image/jpeg"
"869","ICF Formed d","","","https://aboveboardcarpentry.com/wp-content/uploads/2021/06/ICF-Formed-d-scaled.jpg","general","ICF-Formed-d-scaled.jpg","2560","1920",,"image/jpeg"
"867","Footings poured","","","https://aboveboardcarpentry.com/wp-content/uploads/2021/06/Footings-poured-scaled.jpg","general","Footings-poured-scaled.jpg","2560","1920",,"image/jpeg"
"866","Footings forms 011","","","https://aboveboardcarpentry.com/wp-content/uploads/2021/06/Footings-forms-011-scaled.jpg","general","Footings-forms-011-scaled.jpg","2560","1920",,"image/jpeg"
"863","Basement wall framed","","","https://aboveboardcarpentry.com/wp-content/uploads/2021/06/Basement-wall-framed-scaled.jpg","general","Basement-wall-framed-scaled.jpg","2560","1920",,"image/jpeg"
"860","Basement covered","","","https://aboveboardcarpentry.com/wp-content/uploads/2021/06/Basement-covered-scaled.jpg","general","Basement-covered-scaled.jpg","2560","1096",,"image/jpeg"
"859","Roughin Complete","","","https://aboveboardcarpentry.com/wp-content/uploads/2021/06/Roughin-Complete-scaled.jpg","general","Roughin-Complete-scaled.jpg","2560","1920",,"image/jpeg"
"850","IMG_5436","","","https://aboveboardcarpentry.com/wp-content/uploads/2021/06/IMG_5436-scaled.jpg","portfolio","IMG_5436-scaled.jpg","2560","1920",,"image/jpeg"
"849","IMG_5402","","","https://aboveboardcarpentry.com/wp-content/uploads/2021/06/IMG_5402-scaled.jpg","portfolio","IMG_5402-scaled.jpg","1920","2560",,"image/jpeg"
"847","IMG_5392","","","https://aboveboardcarpentry.com/wp-content/uploads/2021/06/IMG_5392-scaled.jpg","portfolio","IMG_5392-scaled.jpg","2560","1920",,"image/jpeg"
"845","IMG_5201","","","https://aboveboardcarpentry.com/wp-content/uploads/2021/06/IMG_5201-scaled.jpg","portfolio","IMG_5201-scaled.jpg","2560","1920",,"image/jpeg"
"844","IMG_5199","","","https://aboveboardcarpentry.com/wp-content/uploads/2021/06/IMG_5199-1-scaled.jpg","portfolio","IMG_5199-1-scaled.jpg","2560","857",,"image/jpeg"
"843","IMG_5181","","","https://aboveboardcarpentry.com/wp-content/uploads/2021/06/IMG_5181-scaled.jpg","portfolio","IMG_5181-scaled.jpg","1920","2560",,"image/jpeg"
"842","IMG_5160","","","https://aboveboardcarpentry.com/wp-content/uploads/2021/06/IMG_5160-scaled.jpg","portfolio","IMG_5160-scaled.jpg","1920","2560",,"image/jpeg"
"841","IMG_5131","","","https://aboveboardcarpentry.com/wp-content/uploads/2021/06/IMG_5131-scaled.jpg","portfolio","IMG_5131-scaled.jpg","2560","1325",,"image/jpeg"
"840","IMG_5129","","","https://aboveboardcarpentry.com/wp-content/uploads/2021/06/IMG_5129-scaled.jpg","portfolio","IMG_5129-scaled.jpg","1920","2560",,"image/jpeg"
"838","DGAD1241","","","https://aboveboardcarpentry.com/wp-content/uploads/2021/06/DGAD1241-scaled.jpg","general","DGAD1241-scaled.jpg","2560","1920",,"image/jpeg"
"834","start to floor sm","","<p>https://aboveboardcarpentry.com/wp-content/uploads/2021/06/start-to-floor-sm.mp4</p>
","https://aboveboardcarpentry.com/wp-content/uploads/2021/06/start-to-floor-sm.mp4","general","start-to-floor-sm.mp4","1280","720","39972338","video/mp4"
"833","101024336_175936693828806_4472040589931577344_n","","","https://aboveboardcarpentry.com/wp-content/uploads/2021/06/101024336_175936693828806_4472040589931577344_n-scaled.jpg","general","101024336_175936693828806_4472040589931577344_n-scaled.jpg","2560","1920",,"image/jpeg"
"832","97970729_924828907978812_8200086749913808896_n","","","https://aboveboardcarpentry.com/wp-content/uploads/2021/06/97970729_924828907978812_8200086749913808896_n-scaled.jpg","general","97970729_924828907978812_8200086749913808896_n-scaled.jpg","2560","1920",,"image/jpeg"
"831","101274460_260958215111460_3994675084018057216_n","","","https://aboveboardcarpentry.com/wp-content/uploads/2021/06/101274460_260958215111460_3994675084018057216_n-scaled.jpg","general","101274460_260958215111460_3994675084018057216_n-scaled.jpg","2560","1920",,"image/jpeg"
"830","IMG_5305","","","https://aboveboardcarpentry.com/wp-content/uploads/2021/06/IMG_5305-scaled.jpg","portfolio","IMG_5305-scaled.jpg","1920","2560",,"image/jpeg"
"829","IMG_5292","","","https://aboveboardcarpentry.com/wp-content/uploads/2021/06/IMG_5292-scaled.jpg","portfolio","IMG_5292-scaled.jpg","2560","1920",,"image/jpeg"
"826","IMG_5290","","","https://aboveboardcarpentry.com/wp-content/uploads/2021/06/IMG_5290-scaled.jpg","portfolio","IMG_5290-scaled.jpg","2560","1920",,"image/jpeg"
"824","IMG_5199","","","https://aboveboardcarpentry.com/wp-content/uploads/2021/06/IMG_5199-scaled.jpg","portfolio","IMG_5199-scaled.jpg","2560","857",,"image/jpeg"
"821","IMG_5186","","","https://aboveboardcarpentry.com/wp-content/uploads/2021/06/IMG_5186-scaled.jpg","portfolio","IMG_5186-scaled.jpg","2560","1920",,"image/jpeg"
"820","IMG_5185","","","https://aboveboardcarpentry.com/wp-content/uploads/2021/06/IMG_5185-scaled.jpg","portfolio","IMG_5185-scaled.jpg","2560","1920",,"image/jpeg"
"818","IMG_5106","","","https://aboveboardcarpentry.com/wp-content/uploads/2021/06/IMG_5106-scaled.jpg","portfolio","IMG_5106-scaled.jpg","2560","1920",,"image/jpeg"
"817","Ceiling","","","https://aboveboardcarpentry.com/wp-content/uploads/2021/06/Ceiling-scaled.jpg","general","Ceiling-scaled.jpg","2560","1920",,"image/jpeg"
"816","Ceiling 2","","","https://aboveboardcarpentry.com/wp-content/uploads/2021/06/Ceiling-2-scaled.jpg","general","Ceiling-2-scaled.jpg","2560","1920",,"image/jpeg"
"813","IMG_5528","","","https://aboveboardcarpentry.com/wp-content/uploads/2021/06/IMG_5528-scaled.jpg","portfolio","IMG_5528-scaled.jpg","2560","2256",,"image/jpeg"
"812","IMG_5517","","","https://aboveboardcarpentry.com/wp-content/uploads/2021/06/IMG_5517-scaled.jpg","portfolio","IMG_5517-scaled.jpg","2560","1920",,"image/jpeg"
"811","IMG_5513","","","https://aboveboardcarpentry.com/wp-content/uploads/2021/06/IMG_5513-scaled.jpg","portfolio","IMG_5513-scaled.jpg","2560","1241",,"image/jpeg"
"810","IMG_5502","","","https://aboveboardcarpentry.com/wp-content/uploads/2021/06/IMG_5502-scaled.jpg","portfolio","IMG_5502-scaled.jpg","2560","1920",,"image/jpeg"
"809","IMG_5496","","","https://aboveboardcarpentry.com/wp-content/uploads/2021/06/IMG_5496-scaled.jpg","portfolio","IMG_5496-scaled.jpg","2560","1920",,"image/jpeg"
"808","IMG_5489","","","https://aboveboardcarpentry.com/wp-content/uploads/2021/06/IMG_5489-scaled.jpg","portfolio","IMG_5489-scaled.jpg","2560","1920",,"image/jpeg"
"807","IMG_5481","","","https://aboveboardcarpentry.com/wp-content/uploads/2021/06/IMG_5481-scaled.jpg","portfolio","IMG_5481-scaled.jpg","2560","1920",,"image/jpeg"
"806","IMG_5480","","","https://aboveboardcarpentry.com/wp-content/uploads/2021/06/IMG_5480-scaled.jpg","portfolio","IMG_5480-scaled.jpg","2560","1091",,"image/jpeg"
"805","IMG_5467","","","https://aboveboardcarpentry.com/wp-content/uploads/2021/06/IMG_5467-scaled.jpg","portfolio","IMG_5467-scaled.jpg","2560","1920",,"image/jpeg"
"804","IMG_5456","","","https://aboveboardcarpentry.com/wp-content/uploads/2021/06/IMG_5456-scaled.jpg","portfolio","IMG_5456-scaled.jpg","2560","1920",,"image/jpeg"
"803","IMG_5444","","","https://aboveboardcarpentry.com/wp-content/uploads/2021/06/IMG_5444-scaled.jpg","portfolio","IMG_5444-scaled.jpg","2560","1257",,"image/jpeg"
"802","IMG_5428","","","https://aboveboardcarpentry.com/wp-content/uploads/2021/06/IMG_5428-scaled.jpg","portfolio","IMG_5428-scaled.jpg","2560","1320",,"image/jpeg"
"801","IMG_5427","","","https://aboveboardcarpentry.com/wp-content/uploads/2021/06/IMG_5427-scaled.jpg","portfolio","IMG_5427-scaled.jpg","1920","2560",,"image/jpeg"
"800","IMG_5423","","","https://aboveboardcarpentry.com/wp-content/uploads/2021/06/IMG_5423-scaled.jpg","portfolio","IMG_5423-scaled.jpg","2560","1920",,"image/jpeg"
"799","IMG_5406","","","https://aboveboardcarpentry.com/wp-content/uploads/2021/06/IMG_5406-scaled.jpg","portfolio","IMG_5406-scaled.jpg","2560","1920",,"image/jpeg"
"798","IMG_5397","","","https://aboveboardcarpentry.com/wp-content/uploads/2021/06/IMG_5397-scaled.jpg","portfolio","IMG_5397-scaled.jpg","1920","2560",,"image/jpeg"
"797","IMG_5395","","","https://aboveboardcarpentry.com/wp-content/uploads/2021/06/IMG_5395-scaled.jpg","portfolio","IMG_5395-scaled.jpg","2560","1619",,"image/jpeg"
"796","IMG_5394","","","https://aboveboardcarpentry.com/wp-content/uploads/2021/06/IMG_5394-scaled.jpg","portfolio","IMG_5394-scaled.jpg","2560","1561",,"image/jpeg"
"795","IMG_5389","","","https://aboveboardcarpentry.com/wp-content/uploads/2021/06/IMG_5389-scaled.jpg","portfolio","IMG_5389-scaled.jpg","2560","1920",,"image/jpeg"
"794","IMG_5378","","","https://aboveboardcarpentry.com/wp-content/uploads/2021/06/IMG_5378-scaled.jpg","portfolio","IMG_5378-scaled.jpg","2560","1920",,"image/jpeg"
"793","IMG_5369","","","https://aboveboardcarpentry.com/wp-content/uploads/2021/06/IMG_5369-scaled.jpg","portfolio","IMG_5369-scaled.jpg","1920","2560",,"image/jpeg"
"792","IMG_5346","","","https://aboveboardcarpentry.com/wp-content/uploads/2021/06/IMG_5346-scaled.jpg","portfolio","IMG_5346-scaled.jpg","1920","2560",,"image/jpeg"
"791","IMG_5345","","","https://aboveboardcarpentry.com/wp-content/uploads/2021/06/IMG_5345-scaled.jpg","portfolio","IMG_5345-scaled.jpg","1920","2560",,"image/jpeg"
"790","IMG_5340","","","https://aboveboardcarpentry.com/wp-content/uploads/2021/06/IMG_5340-scaled.jpg","portfolio","IMG_5340-scaled.jpg","1920","2560",,"image/jpeg"
"789","IMG_5328","","","https://aboveboardcarpentry.com/wp-content/uploads/2021/06/IMG_5328-scaled.jpg","portfolio","IMG_5328-scaled.jpg","1920","2560",,"image/jpeg"
"788","IMG_5307","","","https://aboveboardcarpentry.com/wp-content/uploads/2021/06/IMG_5307-scaled.jpg","portfolio","IMG_5307-scaled.jpg","1920","2560",,"image/jpeg"
"764","Finished Kash Passive House","Finished Kash Passive House","<p>Flagstone is completed </p>
","https://aboveboardcarpentry.com/wp-content/uploads/2021/06/IMG_6170c-scaled.jpg","branding","IMG_6170c-scaled.jpg","2560","2083",,"image/jpeg"
"763","","","","https://aboveboardcarpentry.com/wp-content/uploads/2021/06/Front-after-scaled.jpg","general","Front-after-scaled.jpg","2560","1920",,"image/jpeg"
"762","FB_IMG_1509668443505","","","https://aboveboardcarpentry.com/wp-content/uploads/2021/06/FB_IMG_1509668443505.jpg","portfolio","FB_IMG_1509668443505.jpg","1280","960",,"image/jpeg"
"761","IMG_20170814_183042_126","","","https://aboveboardcarpentry.com/wp-content/uploads/2021/06/IMG_20170814_183042_126.jpg","portfolio","IMG_20170814_183042_126.jpg","1080","1080",,"image/jpeg"
"760","20180811_115035","","","https://aboveboardcarpentry.com/wp-content/uploads/2021/06/20180811_115035-scaled.jpg","general","20180811_115035-scaled.jpg","2560","1920",,"image/jpeg"
"759","20180811_115019","","","https://aboveboardcarpentry.com/wp-content/uploads/2021/06/20180811_115019-scaled.jpg","general","20180811_115019-scaled.jpg","2560","1920",,"image/jpeg"
"758","20180811_114931","","","https://aboveboardcarpentry.com/wp-content/uploads/2021/06/20180811_114931-scaled.jpg","general","20180811_114931-scaled.jpg","2560","1920",,"image/jpeg"
"757","20180811_115218","","","https://aboveboardcarpentry.com/wp-content/uploads/2021/06/20180811_115218-scaled.jpg","general","20180811_115218-scaled.jpg","2560","1920",,"image/jpeg"
"756","20180511_181735","","","https://aboveboardcarpentry.com/wp-content/uploads/2021/06/20180511_181735-scaled.jpg","general","20180511_181735-scaled.jpg","2560","1920",,"image/jpeg"
"755","20171003_095113","","","https://aboveboardcarpentry.com/wp-content/uploads/2021/06/20171003_095113-scaled.jpg","general","20171003_095113-scaled.jpg","2560","1920",,"image/jpeg"
"754","20170920_150144","","","https://aboveboardcarpentry.com/wp-content/uploads/2021/06/20170920_150144-scaled.jpg","general","20170920_150144-scaled.jpg","2560","1920",,"image/jpeg"
"753","20171012_173132","","","https://aboveboardcarpentry.com/wp-content/uploads/2021/06/20171012_173132-scaled.jpg","general","20171012_173132-scaled.jpg","2560","1920",,"image/jpeg"
"752","20170920_150036","","","https://aboveboardcarpentry.com/wp-content/uploads/2021/06/20170920_150036-scaled.jpg","general","20170920_150036-scaled.jpg","2560","1920",,"image/jpeg"
"751","20170915_160503","","","https://aboveboardcarpentry.com/wp-content/uploads/2021/06/20170915_160503-scaled.jpg","general","20170915_160503-scaled.jpg","2560","1920",,"image/jpeg"
"750","20170901_113805","","","https://aboveboardcarpentry.com/wp-content/uploads/2021/06/20170901_113805-scaled.jpg","general","20170901_113805-scaled.jpg","2560","1920",,"image/jpeg"
"749","20170818_103304","","","https://aboveboardcarpentry.com/wp-content/uploads/2021/06/20170818_103304-scaled.jpg","general","20170818_103304-scaled.jpg","2560","1920",,"image/jpeg"
"748","20170817_145357","","","https://aboveboardcarpentry.com/wp-content/uploads/2021/06/20170817_145357-scaled.jpg","general","20170817_145357-scaled.jpg","2560","1920",,"image/jpeg"
"747","20170815_171020","","","https://aboveboardcarpentry.com/wp-content/uploads/2021/06/20170815_171020-scaled.jpg","general","20170815_171020-scaled.jpg","2560","1920",,"image/jpeg"
"746","20170814_174609","","","https://aboveboardcarpentry.com/wp-content/uploads/2021/06/20170814_174609-scaled.jpg","general","20170814_174609-scaled.jpg","2560","1920",,"image/jpeg"
"745","20170814_154806","","","https://aboveboardcarpentry.com/wp-content/uploads/2021/06/20170814_154806-scaled.jpg","general","20170814_154806-scaled.jpg","2560","1920",,"image/jpeg"
"744","20170814_154735","","","https://aboveboardcarpentry.com/wp-content/uploads/2021/06/20170814_154735-scaled.jpg","general","20170814_154735-scaled.jpg","2560","1920",,"image/jpeg"
"743","20170814_133015","","","https://aboveboardcarpentry.com/wp-content/uploads/2021/06/20170814_133015-scaled.jpg","general","20170814_133015-scaled.jpg","2560","1920",,"image/jpeg"
"742","20170814_133001","","","https://aboveboardcarpentry.com/wp-content/uploads/2021/06/20170814_133001-scaled.jpg","general","20170814_133001-scaled.jpg","2560","1920",,"image/jpeg"
"741","20170814_113350","","","https://aboveboardcarpentry.com/wp-content/uploads/2021/06/20170814_113350-scaled.jpg","general","20170814_113350-scaled.jpg","1920","2560",,"image/jpeg"
"740","20170814_092824","","","https://aboveboardcarpentry.com/wp-content/uploads/2021/06/20170814_092824-scaled.jpg","general","20170814_092824-scaled.jpg","2560","1920",,"image/jpeg"
"739","20170819_085627","","","https://aboveboardcarpentry.com/wp-content/uploads/2021/06/20170819_085627-scaled.jpg","general","20170819_085627-scaled.jpg","2560","1920",,"image/jpeg"
"693","Wax wiping","","","https://aboveboardcarpentry.com/wp-content/uploads/2021/06/Wax-wiping.jpg","general","Wax-wiping.jpg","1725","1725",,"image/jpeg"
"692","Wax pad","","","https://aboveboardcarpentry.com/wp-content/uploads/2021/06/Wax-pad.jpg","general","Wax-pad.jpg","2000","2000",,"image/jpeg"
"691","Wax back","","","https://aboveboardcarpentry.com/wp-content/uploads/2021/06/Wax-back.jpg","general","Wax-back.jpg","2000","2000",,"image/jpeg"
"690","Applicator brush","","","https://aboveboardcarpentry.com/wp-content/uploads/2021/06/Applicator-brush.jpg","general","Applicator-brush.jpg","2000","2000",,"image/jpeg"
"689","Applicator brush use","","","https://aboveboardcarpentry.com/wp-content/uploads/2021/06/Applicator-brush-use.jpg","general","Applicator-brush-use.jpg","2000","2000",,"image/jpeg"
"688","Applicator brush Front","","","https://aboveboardcarpentry.com/wp-content/uploads/2021/06/Applicator-brush-Front.jpg","general","Applicator-brush-Front.jpg","2000","2000",,"image/jpeg"
"687","Applicator brush back","","","https://aboveboardcarpentry.com/wp-content/uploads/2021/06/Applicator-brush-back.jpg","general","Applicator-brush-back.jpg","2000","2000",,"image/jpeg"
"686","Wax","","","https://aboveboardcarpentry.com/wp-content/uploads/2021/06/Wax.jpg","general","Wax.jpg","2000","2000",,"image/jpeg"
"685","Soap wash","","","https://aboveboardcarpentry.com/wp-content/uploads/2021/06/Soap-wash.jpg","general","Soap-wash.jpg","1725","1725",,"image/jpeg"
"684","Soap Brush sm","","","https://aboveboardcarpentry.com/wp-content/uploads/2021/06/Soap-Brush-sm.jpg","general","Soap-Brush-sm.jpg","1947","2000",,"image/jpeg"
"683","Soap Brush lg","","","https://aboveboardcarpentry.com/wp-content/uploads/2021/06/Soap-Brush-lg.jpg","general","Soap-Brush-lg.jpg","2000","2000",,"image/jpeg"
"682","Soap back","","","https://aboveboardcarpentry.com/wp-content/uploads/2021/06/Soap-back.jpg","general","Soap-back.jpg","2000","2000",,"image/jpeg"
"681","Soap","","","https://aboveboardcarpentry.com/wp-content/uploads/2021/06/Soap.jpg","general","Soap.jpg","2000","2000",,"image/jpeg"
"680","Oil pour","","","https://aboveboardcarpentry.com/wp-content/uploads/2021/06/Oil-pour.jpg","general","Oil-pour.jpg","1725","1725",,"image/jpeg"
"679","Oil half","","","https://aboveboardcarpentry.com/wp-content/uploads/2021/06/Oil-half.jpg","general","Oil-half.jpg","1725","1725",,"image/jpeg"
"678","Oil back","","","https://aboveboardcarpentry.com/wp-content/uploads/2021/06/Oil-back.jpg","general","Oil-back.jpg","2000","2000",,"image/jpeg"
"674","Oil-1","","","https://aboveboardcarpentry.com/wp-content/uploads/2021/06/Oil-1.jpg","general","Oil-1.jpg","1545","1950",,"image/jpeg"
"646","IMG_8286c","","","https://aboveboardcarpentry.com/wp-content/uploads/2021/06/IMG_8286c.jpg","portfolio","IMG_8286c.jpg","960","570",,"image/jpeg"
"636","IMG_8318ccc","","","https://aboveboardcarpentry.com/wp-content/uploads/2021/06/IMG_8318ccc-scaled.jpg","portfolio","IMG_8318ccc-scaled.jpg","2560","1837",,"image/jpeg"
"628","Ash Trio","Ash Trio","","https://aboveboardcarpentry.com/wp-content/uploads/2021/06/IMG_8354c-scaled.jpg","portfolio","IMG_8354c-scaled.jpg","2560","2560",,"image/jpeg"
"627","Ash Bark","Ash Bark","","https://aboveboardcarpentry.com/wp-content/uploads/2021/06/IMG_8350c-scaled.jpg","portfolio","IMG_8350c-scaled.jpg","2560","1723",,"image/jpeg"
"626","Ash Wide Strip Faint","Ash Wide Strip Faint","","https://aboveboardcarpentry.com/wp-content/uploads/2021/06/IMG_8347c-scaled.jpg","portfolio","IMG_8347c-scaled.jpg","2560","1863",,"image/jpeg"
"625","Ash Wide Stripe Dark","Ash Wide Stripe Dark","","https://aboveboardcarpentry.com/wp-content/uploads/2021/06/IMG_8344c-scaled.jpg","portfolio","IMG_8344c-scaled.jpg","2560","1799",,"image/jpeg"
"624","Ash Thin Stripe","Ash Thin Stripe","","https://aboveboardcarpentry.com/wp-content/uploads/2021/06/IMG_8342c-scaled.jpg","portfolio","IMG_8342c-scaled.jpg","2560","1729",,"image/jpeg"
"623","Maple bark","Maple bark","","https://aboveboardcarpentry.com/wp-content/uploads/2021/06/IMG_8333c-scaled.jpg","portfolio","IMG_8333c-scaled.jpg","2560","1545",,"image/jpeg"
"622","Maple medium stripe","Maple medium stripe","","https://aboveboardcarpentry.com/wp-content/uploads/2021/06/IMG_8331c-scaled.jpg","portfolio","IMG_8331c-scaled.jpg","2560","1834",,"image/jpeg"
"621","Maple wide stripe","Maple wide stripe","","https://aboveboardcarpentry.com/wp-content/uploads/2021/06/IMG_8321c-scaled.jpg","portfolio","IMG_8321c-scaled.jpg","2560","1807",,"image/jpeg"
"619","Maple Trio","Maple Trio","","https://aboveboardcarpentry.com/wp-content/uploads/2021/06/IMG_8340c-scaled.jpg","portfolio","IMG_8340c-scaled.jpg","2322","2560",,"image/jpeg"
"600","IMG_7690crop","","","https://aboveboardcarpentry.com/wp-content/uploads/2021/06/IMG_7690crop-scaled.jpg","portfolio","IMG_7690crop-scaled.jpg","2560","941",,"image/jpeg"
"564","IMG_8133crop-1","","","https://aboveboardcarpentry.com/wp-content/uploads/2021/06/IMG_8133crop-1-scaled.jpg","portfolio","IMG_8133crop-1-scaled.jpg","2560","1648",,"image/jpeg"
"563","Maple CB logo","Maple CB logo","","https://aboveboardcarpentry.com/wp-content/uploads/2021/06/IMG_8133crop-scaled.jpg","branding","IMG_8133crop-scaled.jpg","2560","1648",,"image/jpeg"
"562","IMG_8133","","","https://aboveboardcarpentry.com/wp-content/uploads/2021/06/IMG_8133-scaled.jpg","portfolio","IMG_8133-scaled.jpg","2560","1920",,"image/jpeg"
"539","IMG_8142crop","","","https://aboveboardcarpentry.com/wp-content/uploads/2021/06/IMG_8142crop-scaled.jpg","portfolio","IMG_8142crop-scaled.jpg","1613","2560",,"image/jpeg"
"538","Maple CB edge","Maple CB edge","","https://aboveboardcarpentry.com/wp-content/uploads/2021/06/IMG_8137crop-scaled.jpg","portfolio","IMG_8137crop-scaled.jpg","2560","1255",,"image/jpeg"
"489","Timber 4","","","https://aboveboardcarpentry.com/wp-content/uploads/2021/04/Timber-4.jpg","portfolio","Timber-4.jpg","1412","1479",,"image/jpeg"
"488","Timber 2","","","https://aboveboardcarpentry.com/wp-content/uploads/2021/04/Timber-2.jpg","portfolio","Timber-2.jpg","1931","1837",,"image/jpeg"
"487","Sanders shell","","","https://aboveboardcarpentry.com/wp-content/uploads/2021/04/Sanders-shell.jpg","portfolio","Sanders-shell.jpg","1832","874",,"image/jpeg"
"471","logo_netzerohome_colour-no-tag-web-RGB","","","https://aboveboardcarpentry.com/wp-content/uploads/2021/04/logo_netzerohome_colour-no-tag-web-RGB.png","branding","logo_netzerohome_colour-no-tag-web-RGB.png","1295","394",,"image/png"
"425","cropped-cropped-Above-Board-Carpentry-PNG.png","","<p>https://aboveboardcarpentry.com/wp-content/uploads/2021/03/cropped-cropped-Above-Board-Carpentry-PNG.png</p>
","https://aboveboardcarpentry.com/wp-content/uploads/2021/03/cropped-cropped-Above-Board-Carpentry-PNG.png","branding","cropped-cropped-Above-Board-Carpentry-PNG.png","329","250",,"image/png"
"424","Staff plus logo big","","","https://aboveboardcarpentry.com/wp-content/uploads/2021/03/Staff-plus-logo-big.png","branding","Staff-plus-logo-big.png","746","406",,"image/png"
"419","cropped-Tragert-small.jpg","","","https://aboveboardcarpentry.com/wp-content/uploads/2021/03/cropped-Tragert-small.jpg","portfolio","cropped-Tragert-small.jpg","2000","1199",,"image/jpeg"
"412","REDSEAL sq","","","https://aboveboardcarpentry.com/wp-content/uploads/2021/03/REDSEAL-sq.png","branding","REDSEAL-sq.png","239","241",,"image/png"
"397","IMG_6303 crop small","","","https://aboveboardcarpentry.com/wp-content/uploads/2021/03/IMG_6303-crop-small.jpg","portfolio","IMG_6303-crop-small.jpg","500","527",,"image/jpeg"
"383","cropped-Above-Board-Carpentry-PNG.png","","<p>https://aboveboardcarpentry.com/wp-content/uploads/2021/03/cropped-Above-Board-Carpentry-PNG.png</p>
","https://aboveboardcarpentry.com/wp-content/uploads/2021/03/cropped-Above-Board-Carpentry-PNG.png","branding","cropped-Above-Board-Carpentry-PNG.png","329","250",,"image/png"
"382","Above Board Carpentry PNG","","","https://aboveboardcarpentry.com/wp-content/uploads/2021/03/Above-Board-Carpentry-PNG.png","branding","Above-Board-Carpentry-PNG.png","2333","1772",,"image/png"
"376","GB-small-1","","","https://aboveboardcarpentry.com/wp-content/uploads/2021/03/GB-small-1.jpg","general","GB-small-1.jpg","1000","1504",,"image/jpeg"
"375","GB-small","","","https://aboveboardcarpentry.com/wp-content/uploads/2021/03/GB-small.jpg","general","GB-small.jpg","1000","1504",,"image/jpeg"
"374","SL-small","","","https://aboveboardcarpentry.com/wp-content/uploads/2021/03/SL-small.jpg","general","SL-small.jpg","1000","1475",,"image/jpeg"
"373","AA-better-small","","","https://aboveboardcarpentry.com/wp-content/uploads/2021/03/AA-better-small.jpg","general","AA-better-small.jpg","1000","1519",,"image/jpeg"
"359","Collins crop small","","","https://aboveboardcarpentry.com/wp-content/uploads/2021/03/Collins-crop-small.jpg","general","Collins-crop-small.jpg","1000","534",,"image/jpeg"
"357","Tile","","","https://aboveboardcarpentry.com/wp-content/uploads/2021/03/Tile.jpg","general","Tile.jpg","720","960",,"image/jpeg"
"356","Steel Roof small","","","https://aboveboardcarpentry.com/wp-content/uploads/2021/03/Steel-Roof-small.jpg","general","Steel-Roof-small.jpg","2000","885",,"image/jpeg"
"355","Steel Roof big small","","","https://aboveboardcarpentry.com/wp-content/uploads/2021/03/Steel-Roof-big-small.jpg","general","Steel-Roof-big-small.jpg","2000","974",,"image/jpeg"
"354","Sanders wall small","","","https://aboveboardcarpentry.com/wp-content/uploads/2021/03/Sanders-wall-small-scaled.jpg","portfolio","Sanders-wall-small-scaled.jpg","2560","1327",,"image/jpeg"
"353","Sanders shell small","","","https://aboveboardcarpentry.com/wp-content/uploads/2021/03/Sanders-shell-small.jpg","portfolio","Sanders-shell-small.jpg","2000","909",,"image/jpeg"
"352","Joseph 1 floor small","","","https://aboveboardcarpentry.com/wp-content/uploads/2021/03/Joseph-1-floor-small.jpg","general","Joseph-1-floor-small.jpg","2000","851",,"image/jpeg"
"351","DT 1 floor","","","https://aboveboardcarpentry.com/wp-content/uploads/2021/03/DT-1-floor-scaled.jpg","general","DT-1-floor-scaled.jpg","2560","1077",,"image/jpeg"
"340","Tragert small","","","https://aboveboardcarpentry.com/wp-content/uploads/2021/03/Tragert-small.jpg","portfolio","Tragert-small.jpg","2000","1125",,"image/jpeg"
"337","Deck crop image smaller","","","https://aboveboardcarpentry.com/wp-content/uploads/2021/03/Deck-crop-image-smaller.jpg","general","Deck-crop-image-smaller.jpg","2242","1262",,"image/jpeg"
"336","PH7 small","","","https://aboveboardcarpentry.com/wp-content/uploads/2021/03/PH7-small.jpg","general","PH7-small.jpg","1000","750",,"image/jpeg"
"335","PH6 small","","","https://aboveboardcarpentry.com/wp-content/uploads/2021/03/PH6-small.jpg","general","PH6-small.jpg","1000","562",,"image/jpeg"
"334","Collins small","","","https://aboveboardcarpentry.com/wp-content/uploads/2021/03/Collins-small.jpg","general","Collins-small.jpg","1000","750",,"image/jpeg"
"311","Passive-buildings-canada","","","https://aboveboardcarpentry.com/wp-content/uploads/2021/03/Passive-buildings-canada.png","branding","Passive-buildings-canada.png","1903","445",,"image/png"
"305","ohba-logo","","","https://aboveboardcarpentry.com/wp-content/uploads/2021/03/ohba-logo.png","branding","ohba-logo.png","1391","568",,"image/png"
"293","GB &#8211; head shot","","","https://aboveboardcarpentry.com/wp-content/uploads/2021/03/GB-head-shot.jpg","general","GB-head-shot.jpg","1923","2275",,"image/jpeg"
"289","RenoMark R-png","","","https://aboveboardcarpentry.com/wp-content/uploads/2021/03/RenoMark-R-png.png","branding","RenoMark-R-png.png","675","583",,"image/png"
"287","Passive Certification Icon","","","https://aboveboardcarpentry.com/wp-content/uploads/2021/03/Passive-Certification-Icon.png","branding","Passive-Certification-Icon.png","690","690",,"image/png"
"286","_ACE4081","","","https://aboveboardcarpentry.com/wp-content/uploads/2021/03/ACE4081-scaled.jpg","general","ACE4081-scaled.jpg","1736","2560",,"image/jpeg"
"285","_ACE4075","","","https://aboveboardcarpentry.com/wp-content/uploads/2021/03/ACE4075-scaled.jpg","general","ACE4075-scaled.jpg","1702","2560",,"image/jpeg"
"284","_ACE4067","","","https://aboveboardcarpentry.com/wp-content/uploads/2021/03/ACE4067-scaled.jpg","general","ACE4067-scaled.jpg","1702","2560",,"image/jpeg"
"276","cropped-2021-02-ABC-team-2021-02-med-scaled-1.jpeg","Small Team","","https://aboveboardcarpentry.com/wp-content/uploads/2021/02/cropped-2021-02-ABC-team-2021-02-med-scaled-1.jpeg","team","cropped-2021-02-ABC-team-2021-02-med-scaled-1.jpeg","2000","1199",,"image/jpeg"
"275","ABC team","","","https://aboveboardcarpentry.com/wp-content/uploads/2021/02/2021-02-ABC-team-2021-02-med-scaled.jpeg","team","2021-02-ABC-team-2021-02-med-scaled.jpeg","2560","1397",,"image/jpeg"
"274","ABC team","","","https://aboveboardcarpentry.com/wp-content/uploads/2021/02/2021-02-ABC-team-2021-02-msall-scaled.jpeg","team","2021-02-ABC-team-2021-02-msall-scaled.jpeg","2560","1042",,"image/jpeg"
"271","ABC team","","","https://aboveboardcarpentry.com/wp-content/uploads/2021/02/2021-02-ABC-team-2021-02-b-scaled-e1614288192555.jpeg","team","2021-02-ABC-team-2021-02-b-scaled-e1614288192555.jpeg","2001","1209",,"image/jpeg"
"231","ABC team (1)","","","https://aboveboardcarpentry.com/wp-content/uploads/2019/11/ABC-team-1.jpg","team","ABC-team-1.jpg","2500","1511",,"image/jpeg"
"229","cropped-ABC-team.jpg","","","https://aboveboardcarpentry.com/wp-content/uploads/2019/11/cropped-ABC-team.jpg","team","cropped-ABC-team.jpg","2000","1199",,"image/jpeg"
"228","ABC team","","","https://aboveboardcarpentry.com/wp-content/uploads/2019/11/ABC-team.jpg","team","ABC-team.jpg","2500","1511",,"image/jpeg"
"227","Abc team","","","https://aboveboardcarpentry.com/wp-content/uploads/2019/11/ACE4041.jpg","team","ACE4041.jpg","2000","1386",,"image/jpeg"
"226","_ACE4050 (2)","","","https://aboveboardcarpentry.com/wp-content/uploads/2019/11/ACE4050-2.jpg","general","ACE4050-2.jpg","1662","2500",,"image/jpeg"
"224","_ACE4050 (1)","","","https://aboveboardcarpentry.com/wp-content/uploads/2019/11/ACE4050-1.jpg","general","ACE4050-1.jpg","2000","3008",,"image/jpeg"
"223","ABC crew 2019 november","","","https://aboveboardcarpentry.com/wp-content/uploads/2019/11/ACE4041-1.jpg","general","ACE4041-1.jpg","2000","1472",,"image/jpeg"
"221","a","","","https://aboveboardcarpentry.com/wp-content/uploads/2019/11/ACE4049.jpg","general","ACE4049.jpg","2000","1951",,"image/jpeg"
"210","PBC MEMBER BADGE2","","","https://aboveboardcarpentry.com/wp-content/uploads/2019/01/PBC-MEMBER-BADGE2.jpg","general","PBC-MEMBER-BADGE2.jpg","177","289",,"image/jpeg"
"59","cropped-Above-Board-Carpentry.png","","<p>http://aboveboardcarpentry.com/wp-content/uploads/2018/02/cropped-Above-Board-Carpentry.png</p>
","https://aboveboardcarpentry.com/wp-content/uploads/2018/02/cropped-Above-Board-Carpentry.png","branding","cropped-Above-Board-Carpentry.png","512","512",,"image/png"
"58","Above Board Carpentry","","","https://aboveboardcarpentry.com/wp-content/uploads/2018/02/Above-Board-Carpentry.png","branding","Above-Board-Carpentry.png","2332","1794",,"image/png"
"43","20170731_074628","","","https://aboveboardcarpentry.com/wp-content/uploads/2018/02/20170731_074628.jpg","general","20170731_074628.jpg","4032","3024",,"image/jpeg"
"42","20170815_171025","","","https://aboveboardcarpentry.com/wp-content/uploads/2018/02/20170815_171025-e1518279951146.jpg","general","20170815_171025-e1518279951146.jpg","4032","3024",,"image/jpeg"
"41","20171206_160407","","","https://aboveboardcarpentry.com/wp-content/uploads/2018/02/20171206_160407-e1518280031642.jpg","general","20171206_160407-e1518280031642.jpg","3346","2136",,"image/jpeg"
"31","cropped-abc-headder.jpg","","","https://aboveboardcarpentry.com/wp-content/uploads/2018/02/cropped-abc-headder.jpg","general","cropped-abc-headder.jpg","2000","1200",,"image/jpeg"
"30","abc headder","","","https://aboveboardcarpentry.com/wp-content/uploads/2018/02/abc-headder.jpg","general","abc-headder.jpg","2000","936",,"image/jpeg"
